<?xml version="1.0" encoding="UTF-8"?>
<plugin>
  <name>Auto Sign Out</name>
  <author>John Williams</author>
<!-- Feel free to include your github repo here -->
  <website>https://github.com/jhwilliams1985</website>

<!-- the version of the plugin iteself -->
  <version>1.0</version>

<!-- release date of THIS version -->
  <release>April 3, 2021</release>

<!-- the last version of UserSpice you tested the plugin with -->
  <tested>5.2.6</tested>

<!-- What does your plugin do? -->
  <description>This will auto sign user out after 1 hour.</description>

  <!-- This is the launch button in the plugin manager. If it is blank or missing, Configure Plugin will show up. -->
    <button>AutoSignOut</button>
</plugin>
